<?xml version="1.0" encoding="utf-8"?>
<!DOCTYPE hibernate-mapping PUBLIC "-//Hibernate/Hibernate Mapping DTD 3.0//EN"
"http://www.hibernate.org/dtd/hibernate-mapping-3.0.dtd">
<!-- Mapeo itemModel con tabla item -->
<hibernate-mapping package="com.diana">
    <class name="com.diana.ItemModel" table="item" >
        <id name="indexItem" type="integer">
            <column name="indexItem" not-null="true"/>
            <generator class="identity"/>
        </id>
        <property name="idItem" type="string" column="idItem" length="7" not-null="true"/>
        <property name="nameItem" type="string" column="nameItem" length="30" />
        <property name="descriptionItem" type="string" column="descriptionItem" length="100" />
        <property name="amountItem" type="java.math.BigInteger" column="amountItem"/>
	</class>
</hibernate-mapping>