<?xml version='1.0' encoding='UTF-8'?>
<!DOCTYPE hibernate-configuration PUBLIC
        "-//Hibernate/Hibernate Configuration DTD 3.0//EN"
        "http://www.hibernate.org/dtd/hibernate-configuration-3.0.dtd">
 <!-- Configuracion con MySQL -->
<hibernate-configuration>
    <session-factory>
 	    <property name="hibernate.connection.driver_class">com.mysql.jdbc.Driver</property>
        <property name="hibernate.connection.username">root</property>
        <property name="hibernate.connection.password">root</property>
        <property name="hibernate.connection.url">jdbc:mysql://localhost:3306/stockdb</property>
        <property name="hibernate.dialect">org.hibernate.dialect.MySQLInnoDBDialect</property>
        <property name="show_sql">true</property> 
		<property name="validationQuery">SELECT version()</property>
        <property name="current_session_context_class">thread</property>
		<property name="cache.provider_class">org.hibernate.cache.internal.NoCacheProvider</property>
		<!-- MAPEO ITEM -->
        <mapping resource="hibernate/Item.hbm.xml"></mapping>
    </session-factory>
</hibernate-configuration>

